{"polyfill":["/polyfill-bf11d90033b9b444205e.js"],"app":["/app-075312361a7c06bd11ea.js"],"component---src-pages-404-js":["/component---src-pages-404-js-35fb8baea1367f7c462d.js"],"component---src-pages-about-js":["/component---src-pages-about-js-b63fbca36346cc9072de.js"],"component---src-pages-contact-js":["/component---src-pages-contact-js-79015a3956adbbc1bf23.js"],"component---src-pages-exres-js":["/component---src-pages-exres-js-023c1de75fb597bec8a7.js"],"component---src-pages-index-js":["/component---src-pages-index-js-acf9947b06d305a40d83.js"],"component---src-pages-privacy-js":["/component---src-pages-privacy-js-202d8c82632017f3f283.js"],"component---src-pages-voice-js":["/component---src-pages-voice-js-fadf1aeb038fcce7bf04.js"],"component---src-workshop-category-js":["/component---src-workshop-category-js-f35cc0e3b892153e19ad.js"],"component---src-workshop-index-js":["/component---src-workshop-index-js-84ccdb772b1f35ac2ad4.js"],"component---src-workshop-post-js":["/component---src-workshop-post-js-712e6f64c4f5386c5d96.js"]}