{"errors":[],"warnings":[],"namedChunkGroups":{"polyfill":{"chunks":[5,18],"assets":["webpack-runtime-c96cd14e6ec8a787e4ff.js","webpack-runtime-c96cd14e6ec8a787e4ff.js.map","polyfill-bf11d90033b9b444205e.js","polyfill-bf11d90033b9b444205e.js.map"],"children":{},"childAssets":{}},"app":{"chunks":[5,17,6],"assets":["webpack-runtime-c96cd14e6ec8a787e4ff.js","webpack-runtime-c96cd14e6ec8a787e4ff.js.map","framework-0d76cc96511f69a85a0c.js","framework-0d76cc96511f69a85a0c.js.map","app-075312361a7c06bd11ea.js","app-075312361a7c06bd11ea.js.map"],"children":{},"childAssets":{}},"component---src-pages-404-js":{"chunks":[3,0,1,2,7],"assets":["styles.b592a251ef6db22bd010.css","styles-474c0340beb1ced255f1.js","styles-474c0340beb1ced255f1.js.map","1bfc9850-07c4e413d9e12c413569.js","1bfc9850-07c4e413d9e12c413569.js.map","5e2a4920-fc711d979a9ca2783539.js","5e2a4920-fc711d979a9ca2783539.js.map","9bf192c29eea88a9d2fc5883cf731335eaadef5d-00036a5a5f3a4317e64a.js","9bf192c29eea88a9d2fc5883cf731335eaadef5d-00036a5a5f3a4317e64a.js.map","component---src-pages-404-js-35fb8baea1367f7c462d.js","component---src-pages-404-js-35fb8baea1367f7c462d.js.map"],"children":{},"childAssets":{}},"component---src-pages-about-js":{"chunks":[3,0,1,2,4,8],"assets":["styles.b592a251ef6db22bd010.css","styles-474c0340beb1ced255f1.js","styles-474c0340beb1ced255f1.js.map","1bfc9850-07c4e413d9e12c413569.js","1bfc9850-07c4e413d9e12c413569.js.map","5e2a4920-fc711d979a9ca2783539.js","5e2a4920-fc711d979a9ca2783539.js.map","9bf192c29eea88a9d2fc5883cf731335eaadef5d-00036a5a5f3a4317e64a.js","9bf192c29eea88a9d2fc5883cf731335eaadef5d-00036a5a5f3a4317e64a.js.map","5dedaa1de004aca2f223dae2a9df45808ad34efa-1ce5cec75c098196a8c7.js","5dedaa1de004aca2f223dae2a9df45808ad34efa-1ce5cec75c098196a8c7.js.map","component---src-pages-about-js-b63fbca36346cc9072de.js","component---src-pages-about-js-b63fbca36346cc9072de.js.map"],"children":{},"childAssets":{}},"component---src-pages-contact-js":{"chunks":[3,0,1,2,4,9],"assets":["styles.b592a251ef6db22bd010.css","styles-474c0340beb1ced255f1.js","styles-474c0340beb1ced255f1.js.map","1bfc9850-07c4e413d9e12c413569.js","1bfc9850-07c4e413d9e12c413569.js.map","5e2a4920-fc711d979a9ca2783539.js","5e2a4920-fc711d979a9ca2783539.js.map","9bf192c29eea88a9d2fc5883cf731335eaadef5d-00036a5a5f3a4317e64a.js","9bf192c29eea88a9d2fc5883cf731335eaadef5d-00036a5a5f3a4317e64a.js.map","5dedaa1de004aca2f223dae2a9df45808ad34efa-1ce5cec75c098196a8c7.js","5dedaa1de004aca2f223dae2a9df45808ad34efa-1ce5cec75c098196a8c7.js.map","component---src-pages-contact-js-79015a3956adbbc1bf23.js","component---src-pages-contact-js-79015a3956adbbc1bf23.js.map"],"children":{},"childAssets":{}},"component---src-pages-exres-js":{"chunks":[3,0,1,2,4,10],"assets":["styles.b592a251ef6db22bd010.css","styles-474c0340beb1ced255f1.js","styles-474c0340beb1ced255f1.js.map","1bfc9850-07c4e413d9e12c413569.js","1bfc9850-07c4e413d9e12c413569.js.map","5e2a4920-fc711d979a9ca2783539.js","5e2a4920-fc711d979a9ca2783539.js.map","9bf192c29eea88a9d2fc5883cf731335eaadef5d-00036a5a5f3a4317e64a.js","9bf192c29eea88a9d2fc5883cf731335eaadef5d-00036a5a5f3a4317e64a.js.map","5dedaa1de004aca2f223dae2a9df45808ad34efa-1ce5cec75c098196a8c7.js","5dedaa1de004aca2f223dae2a9df45808ad34efa-1ce5cec75c098196a8c7.js.map","component---src-pages-exres-js-023c1de75fb597bec8a7.js","component---src-pages-exres-js-023c1de75fb597bec8a7.js.map"],"children":{},"childAssets":{}},"component---src-pages-index-js":{"chunks":[3,0,1,2,4,11],"assets":["styles.b592a251ef6db22bd010.css","styles-474c0340beb1ced255f1.js","styles-474c0340beb1ced255f1.js.map","1bfc9850-07c4e413d9e12c413569.js","1bfc9850-07c4e413d9e12c413569.js.map","5e2a4920-fc711d979a9ca2783539.js","5e2a4920-fc711d979a9ca2783539.js.map","9bf192c29eea88a9d2fc5883cf731335eaadef5d-00036a5a5f3a4317e64a.js","9bf192c29eea88a9d2fc5883cf731335eaadef5d-00036a5a5f3a4317e64a.js.map","5dedaa1de004aca2f223dae2a9df45808ad34efa-1ce5cec75c098196a8c7.js","5dedaa1de004aca2f223dae2a9df45808ad34efa-1ce5cec75c098196a8c7.js.map","component---src-pages-index-js-acf9947b06d305a40d83.js","component---src-pages-index-js-acf9947b06d305a40d83.js.map"],"children":{},"childAssets":{}},"component---src-pages-privacy-js":{"chunks":[3,0,1,2,12],"assets":["styles.b592a251ef6db22bd010.css","styles-474c0340beb1ced255f1.js","styles-474c0340beb1ced255f1.js.map","1bfc9850-07c4e413d9e12c413569.js","1bfc9850-07c4e413d9e12c413569.js.map","5e2a4920-fc711d979a9ca2783539.js","5e2a4920-fc711d979a9ca2783539.js.map","9bf192c29eea88a9d2fc5883cf731335eaadef5d-00036a5a5f3a4317e64a.js","9bf192c29eea88a9d2fc5883cf731335eaadef5d-00036a5a5f3a4317e64a.js.map","component---src-pages-privacy-js-202d8c82632017f3f283.js","component---src-pages-privacy-js-202d8c82632017f3f283.js.map"],"children":{},"childAssets":{}},"component---src-pages-voice-js":{"chunks":[13],"assets":["component---src-pages-voice-js-fadf1aeb038fcce7bf04.js","component---src-pages-voice-js-fadf1aeb038fcce7bf04.js.map"],"children":{},"childAssets":{}},"component---src-workshop-category-js":{"chunks":[3,0,1,2,4,14],"assets":["styles.b592a251ef6db22bd010.css","styles-474c0340beb1ced255f1.js","styles-474c0340beb1ced255f1.js.map","1bfc9850-07c4e413d9e12c413569.js","1bfc9850-07c4e413d9e12c413569.js.map","5e2a4920-fc711d979a9ca2783539.js","5e2a4920-fc711d979a9ca2783539.js.map","9bf192c29eea88a9d2fc5883cf731335eaadef5d-00036a5a5f3a4317e64a.js","9bf192c29eea88a9d2fc5883cf731335eaadef5d-00036a5a5f3a4317e64a.js.map","5dedaa1de004aca2f223dae2a9df45808ad34efa-1ce5cec75c098196a8c7.js","5dedaa1de004aca2f223dae2a9df45808ad34efa-1ce5cec75c098196a8c7.js.map","component---src-workshop-category-js-f35cc0e3b892153e19ad.js","component---src-workshop-category-js-f35cc0e3b892153e19ad.js.map"],"children":{},"childAssets":{}},"component---src-workshop-index-js":{"chunks":[3,0,1,2,4,15],"assets":["styles.b592a251ef6db22bd010.css","styles-474c0340beb1ced255f1.js","styles-474c0340beb1ced255f1.js.map","1bfc9850-07c4e413d9e12c413569.js","1bfc9850-07c4e413d9e12c413569.js.map","5e2a4920-fc711d979a9ca2783539.js","5e2a4920-fc711d979a9ca2783539.js.map","9bf192c29eea88a9d2fc5883cf731335eaadef5d-00036a5a5f3a4317e64a.js","9bf192c29eea88a9d2fc5883cf731335eaadef5d-00036a5a5f3a4317e64a.js.map","5dedaa1de004aca2f223dae2a9df45808ad34efa-1ce5cec75c098196a8c7.js","5dedaa1de004aca2f223dae2a9df45808ad34efa-1ce5cec75c098196a8c7.js.map","component---src-workshop-index-js-84ccdb772b1f35ac2ad4.js","component---src-workshop-index-js-84ccdb772b1f35ac2ad4.js.map"],"children":{},"childAssets":{}},"component---src-workshop-post-js":{"chunks":[3,0,1,2,4,16],"assets":["styles.b592a251ef6db22bd010.css","styles-474c0340beb1ced255f1.js","styles-474c0340beb1ced255f1.js.map","1bfc9850-07c4e413d9e12c413569.js","1bfc9850-07c4e413d9e12c413569.js.map","5e2a4920-fc711d979a9ca2783539.js","5e2a4920-fc711d979a9ca2783539.js.map","9bf192c29eea88a9d2fc5883cf731335eaadef5d-00036a5a5f3a4317e64a.js","9bf192c29eea88a9d2fc5883cf731335eaadef5d-00036a5a5f3a4317e64a.js.map","5dedaa1de004aca2f223dae2a9df45808ad34efa-1ce5cec75c098196a8c7.js","5dedaa1de004aca2f223dae2a9df45808ad34efa-1ce5cec75c098196a8c7.js.map","component---src-workshop-post-js-712e6f64c4f5386c5d96.js","component---src-workshop-post-js-712e6f64c4f5386c5d96.js.map"],"children":{},"childAssets":{}}},"assetsByChunkName":{"polyfill":["webpack-runtime-c96cd14e6ec8a787e4ff.js","polyfill-bf11d90033b9b444205e.js"],"app":["webpack-runtime-c96cd14e6ec8a787e4ff.js","framework-0d76cc96511f69a85a0c.js","app-075312361a7c06bd11ea.js"],"component---src-pages-404-js":["styles.b592a251ef6db22bd010.css","styles-474c0340beb1ced255f1.js","1bfc9850-07c4e413d9e12c413569.js","5e2a4920-fc711d979a9ca2783539.js","9bf192c29eea88a9d2fc5883cf731335eaadef5d-00036a5a5f3a4317e64a.js","component---src-pages-404-js-35fb8baea1367f7c462d.js"],"component---src-pages-about-js":["styles.b592a251ef6db22bd010.css","styles-474c0340beb1ced255f1.js","1bfc9850-07c4e413d9e12c413569.js","5e2a4920-fc711d979a9ca2783539.js","9bf192c29eea88a9d2fc5883cf731335eaadef5d-00036a5a5f3a4317e64a.js","5dedaa1de004aca2f223dae2a9df45808ad34efa-1ce5cec75c098196a8c7.js","component---src-pages-about-js-b63fbca36346cc9072de.js"],"component---src-pages-contact-js":["styles.b592a251ef6db22bd010.css","styles-474c0340beb1ced255f1.js","1bfc9850-07c4e413d9e12c413569.js","5e2a4920-fc711d979a9ca2783539.js","9bf192c29eea88a9d2fc5883cf731335eaadef5d-00036a5a5f3a4317e64a.js","5dedaa1de004aca2f223dae2a9df45808ad34efa-1ce5cec75c098196a8c7.js","component---src-pages-contact-js-79015a3956adbbc1bf23.js"],"component---src-pages-exres-js":["styles.b592a251ef6db22bd010.css","styles-474c0340beb1ced255f1.js","1bfc9850-07c4e413d9e12c413569.js","5e2a4920-fc711d979a9ca2783539.js","9bf192c29eea88a9d2fc5883cf731335eaadef5d-00036a5a5f3a4317e64a.js","5dedaa1de004aca2f223dae2a9df45808ad34efa-1ce5cec75c098196a8c7.js","component---src-pages-exres-js-023c1de75fb597bec8a7.js"],"component---src-pages-index-js":["styles.b592a251ef6db22bd010.css","styles-474c0340beb1ced255f1.js","1bfc9850-07c4e413d9e12c413569.js","5e2a4920-fc711d979a9ca2783539.js","9bf192c29eea88a9d2fc5883cf731335eaadef5d-00036a5a5f3a4317e64a.js","5dedaa1de004aca2f223dae2a9df45808ad34efa-1ce5cec75c098196a8c7.js","component---src-pages-index-js-acf9947b06d305a40d83.js"],"component---src-pages-privacy-js":["styles.b592a251ef6db22bd010.css","styles-474c0340beb1ced255f1.js","1bfc9850-07c4e413d9e12c413569.js","5e2a4920-fc711d979a9ca2783539.js","9bf192c29eea88a9d2fc5883cf731335eaadef5d-00036a5a5f3a4317e64a.js","component---src-pages-privacy-js-202d8c82632017f3f283.js"],"component---src-pages-voice-js":["component---src-pages-voice-js-fadf1aeb038fcce7bf04.js"],"component---src-workshop-category-js":["styles.b592a251ef6db22bd010.css","styles-474c0340beb1ced255f1.js","1bfc9850-07c4e413d9e12c413569.js","5e2a4920-fc711d979a9ca2783539.js","9bf192c29eea88a9d2fc5883cf731335eaadef5d-00036a5a5f3a4317e64a.js","5dedaa1de004aca2f223dae2a9df45808ad34efa-1ce5cec75c098196a8c7.js","component---src-workshop-category-js-f35cc0e3b892153e19ad.js"],"component---src-workshop-index-js":["styles.b592a251ef6db22bd010.css","styles-474c0340beb1ced255f1.js","1bfc9850-07c4e413d9e12c413569.js","5e2a4920-fc711d979a9ca2783539.js","9bf192c29eea88a9d2fc5883cf731335eaadef5d-00036a5a5f3a4317e64a.js","5dedaa1de004aca2f223dae2a9df45808ad34efa-1ce5cec75c098196a8c7.js","component---src-workshop-index-js-84ccdb772b1f35ac2ad4.js"],"component---src-workshop-post-js":["styles.b592a251ef6db22bd010.css","styles-474c0340beb1ced255f1.js","1bfc9850-07c4e413d9e12c413569.js","5e2a4920-fc711d979a9ca2783539.js","9bf192c29eea88a9d2fc5883cf731335eaadef5d-00036a5a5f3a4317e64a.js","5dedaa1de004aca2f223dae2a9df45808ad34efa-1ce5cec75c098196a8c7.js","component---src-workshop-post-js-712e6f64c4f5386c5d96.js"]}}